,index,genre,title,url,artist,weekly_views,all_views,artist_url
0,1,Alternative Rock,Lil Peep & XXXTENTACION - Falling Down,https://soundcloud.com/lil_peep/lil-peep-ft-xxxtentacion-falling-down,‚òÜLiL PEEP‚òÜ,98414.0,128627075.0,https://soundcloud.com/lil_peep
1,2,Alternative Rock,Cloud 9,https://soundcloud.com/beachbunnymusic/cloud-9,Beach Bunny,77887.0,1988184.0,https://soundcloud.com/beachbunnymusic
2,3,Alternative Rock,Riptide,https://soundcloud.com/vancejoy/02-riptide,Vance  Joy,46602.0,50170524.0,https://soundcloud.com/vancejoy
3,4,Alternative Rock,"All Time Low - Dear Maria, Count Me In",https://soundcloud.com/hopelessrecords/dear-maria-count-me-in,Hopeless Records,18057.0,9802645.0,https://soundcloud.com/hopelessrecords
4,5,Alternative Rock,Brain Stew,https://soundcloud.com/greenday/brain-stew,Green Day,15464.0,2396422.0,https://soundcloud.com/greenday
5,6,Alternative Rock,Mr. Brightside,https://soundcloud.com/tealoversunite/mr-brightside,tealoversunite,10681.0,5616475.0,https://soundcloud.com/tealoversunite
6,7,Alternative Rock,Paramore - Still Into You,https://soundcloud.com/fueled_by_ramen/still-into-you,Fueled By Ramen,9920.0,10741492.0,https://soundcloud.com/fueled_by_ramen
7,8,Alternative Rock,Pierce The Veil - King for a Day ft. Kellin Quinn,https://soundcloud.com/jorgehl-1/pierce-the-veil-king-for-a-day,JorGeHL',9920.0,12323932.0,https://soundcloud.com/jorgehl-1
8,9,Alternative Rock,Way Less Sad,https://soundcloud.com/ajrbrothers/way-less-sad,AJR,8507.0,185207.0,https://soundcloud.com/ajrbrothers
9,10,Alternative Rock,Victorious,https://soundcloud.com/panicatthedisco/panic-at-the-disco-victorious,Panic! At The Disco,8353.0,15021564.0,https://soundcloud.com/panicatthedisco
10,1,Ambient,"Thunderstorm Sounds(Long Recording) Relaxing Rain & Thunder Sounds for Sleep, Insomnia or Study üåßÔ∏è",https://soundcloud.com/user-908929543/thunderstorm-soundslong-recording-relaxing-rain-thunder-sounds-for-sleep-insomnia-or-study,Rain Sounds Club,24533.0,3628189.0,https://soundcloud.com/user-908929543
11,2,Ambient,"Relaxing Rain & Loud Thunder (Ambient Calm Field Recording for Sleep, Relaxation Meditation, Yoga)",https://soundcloud.com/rjsfoundsounds/relaxing-rain-and-loud-thunder,R.J. Stefanski [Ambient | Field Recordings],17583.0,14460436.0,https://soundcloud.com/rjsfoundsounds
12,3,Ambient,"Womb Sound Brown Noise (All Night, Loopable, No Fade) [feat. Deep Sleep Baby Noise]",https://soundcloud.com/deepsleepbrownnoise-music/womb-sound-brown-noise-all,Deep Sleep Brown Noise,12800.0,1020034.0,https://soundcloud.com/deepsleepbrownnoise-music
13,4,Ambient,"Heavy Thunderstorm Sounds for Sleep, Relaxing, Insomnia, Study | Rain Sounds & Thunder",https://soundcloud.com/stardustvibes/heavy-thunderstorm-sounds-for-sleep-relaxation-preview,Stardust Vibes - Relaxing Sounds,12308.0,2175572.0,https://soundcloud.com/stardustvibes
14,5,Ambient,"30 Minute Deep Sleep, Calming, Relaxing and Soothing Music (Check link in profile for new music)",https://soundcloud.com/t-mega-40540774/30-minute-deep-sleep-music-calming-music-relaxing-music-soothing-music-calmi,T Mega,12101.0,18548288.0,https://soundcloud.com/t-mega-40540774
15,6,Ambient,Rain & Ocean Waves Storm Sounds for Sleep (75 Minutes),https://soundcloud.com/relaxing-white-noise/rain-ocean-waves-storm-sounds-for-sleep-75-minutes,Relaxing White Noise,11252.0,3209432.0,https://soundcloud.com/relaxing-white-noise
16,7,Ambient,Waves: Calm Sleep Baby Ocean Sound ‚Äì Loop (feat. Sea Sleep Sound),https://soundcloud.com/oceansoundswhitenoiseforsleep/waves-calm-sleep-baby-ocean,Ocean Sounds White Noise for Sleep,7301.0,979499.0,https://soundcloud.com/oceansoundswhitenoiseforsleep
17,8,Ambient,1 Hour: Thunder and rain in south of France during summer,https://soundcloud.com/felixblume/thunder-south-of-france,felixblume,6291.0,295628.0,https://soundcloud.com/felixblume
18,9,Ambient,Calming Rain And Distant Thunder - Brings You Relaxation And Sleep,https://soundcloud.com/therhythmtree/calming-rain-and-distant-thunder-brings-you-relaxation-and-sleep,"Ryan Judd, Music Therapist and Guitarist",6199.0,446257.0,https://soundcloud.com/therhythmtree
19,10,Ambient,Heavy Thunderstorm Sounds  Relaxing Rain Ambience For Sleep,https://soundcloud.com/paul-tobin-6/heavy-thunderstorm-sounds-relaxing-rain-thunder-lightning-ambience-for-sleep-hd-nature-video,Digital Guru,5285.0,469407.0,https://soundcloud.com/paul-tobin-6
20,1,Classical,i hear a symphony x pluto projector,https://soundcloud.com/sangwoosimp/i-hear-a-symphony-x-pluto,Sangwoo is topping me rn,8007.0,133804.0,https://soundcloud.com/sangwoosimp
21,2,Classical,Ludovico Einaudi - Experience,https://soundcloud.com/uguru-music/ludovico-einaudi-experience,Uguru,7778.0,1925116.0,https://soundcloud.com/uguru-music
22,3,Classical,The Guys Borrow,https://soundcloud.com/user-391513823-182231631/the-guys-borrow,Stephanie Ahart,6875.0,59746.0,https://soundcloud.com/user-391513823-182231631
23,4,Classical,The Wife,https://soundcloud.com/user-405635199-230022500/the-wife,Immanuel Metz,6849.0,138282.0,https://soundcloud.com/user-405635199-230022500
24,5,Classical,pluto projector violin part slowed reverb - rex orange county.mp3,https://soundcloud.com/johnas-sak/pluto-projector-violin-part-1,johnas sak,6677.0,241047.0,https://soundcloud.com/johnas-sak
25,6,Classical,Brahms' Lullaby - Orchestral Musicbox Lullaby For Babies - (Free Download),https://soundcloud.com/wonderful-lullabies/brahms-lullaby-orchestral-musicbox-lullaby-for-babies-free-donwload,Wonderful Lullabies,4348.0,3344001.0,https://soundcloud.com/wonderful-lullabies
26,7,Classical,Fate For Party,https://soundcloud.com/user-963326984/fate-for-party,Grover Kresge,4065.0,39925.0,https://soundcloud.com/user-963326984
27,8,Classical,Bitter Tomorrow,https://soundcloud.com/user-242701626-215322718/bitter-tomorrow,Jamel Pooley,4061.0,26363.0,https://soundcloud.com/user-242701626-215322718
28,9,Classical,Clair de Lune - Debussy,https://soundcloud.com/claude-debussy/clair-de-lune,Claude Debussy,4024.0,4617534.0,https://soundcloud.com/claude-debussy
29,10,Classical,Broke Crypts,https://soundcloud.com/user-106913196/broke-crypts,Donetta Mdonah,4019.0,40250.0,https://soundcloud.com/user-106913196
30,1,Country,Zombiez (feat. Landon Cube),https://soundcloud.com/kill-turbo/zombiez-feat-landon-cube,Turbo,140885.0,500280.0,https://soundcloud.com/kill-turbo
31,2,Country,Wasted On You,https://soundcloud.com/morgan-wallen/wasted-on-you,Morgan Wallen,49154.0,1402511.0,https://soundcloud.com/morgan-wallen
32,3,Country,Marca MP - Me Estoy Enamorando,https://soundcloud.com/regionalmexicanochingon/marca-mp-me-estoy-enamorando,Pura Musica Chingona Del Regional,32540.0,282806.0,https://soundcloud.com/regionalmexicanochingon
33,4,Country,Marca MP - Ya Acabo 2021,https://soundcloud.com/regionalmexicanochingon/marca-mp-ya-acabo,Pura Musica Chingona Del Regional,32342.0,236330.0,https://soundcloud.com/regionalmexicanochingon
34,5,Country,Sand In My Boots,https://soundcloud.com/morgan-wallen/sand-in-my-boots,Morgan Wallen,31691.0,1110837.0,https://soundcloud.com/morgan-wallen
35,6,Country,Marca MP - Escuela De La Vida,https://soundcloud.com/regionalmexicanochingon/marca-mp-escuela-de-la-vida,Pura Musica Chingona Del Regional,29241.0,113222.0,https://soundcloud.com/regionalmexicanochingon
36,7,Country,Around Forever,https://soundcloud.com/randallkingmusic/around-forever,Randall King,24922.0,804671.0,https://soundcloud.com/randallkingmusic
37,8,Country,haunt u w/lil peep,https://soundcloud.com/mysticphonk/lil-peep-haunt-u-prod-by-mysticphonk,mysticphonk,24791.0,22719840.0,https://soundcloud.com/mysticphonk
38,9,Country,Dirt Road,https://soundcloud.com/thekiddg/dirt-road,Kidd G,24485.0,3502076.0,https://soundcloud.com/thekiddg
39,10,Country,Diplo feat. Morgan Wallen - Heartless,https://soundcloud.com/diplo/diplo-feat-morgan-wallen,Diplo,23282.0,5899352.0,https://soundcloud.com/diplo
40,1,Dance & EDM,"2F Big Bootie Mix, Volume 18 - Two Friends",https://soundcloud.com/bigbootiemix/bb18,Two Friends Big Bootie Mix,61946.0,5074087.0,https://soundcloud.com/bigbootiemix
41,2,Dance & EDM,Shots Will Roll - Heads Will Roll (A-Trak Remix) X Shots (bwebs Mashup),https://soundcloud.com/b_webs/shots-will-roll-heads-will-roll-a-trak-remix-x-shots-bwebs-mashup,bwebs,21229.0,124866.0,https://soundcloud.com/b_webs
42,3,Dance & EDM,Everytime We Touch (Dionysus' Sickkunt Bootleg),https://soundcloud.com/dionysusdubz/everytime-we-touch-dionysus-sickkunt-bootleg,DIONYSUS,19275.0,623443.0,https://soundcloud.com/dionysusdubz
43,4,Dance & EDM,Ride It,https://soundcloud.com/dj-regard-1/ride-it,Regard,16443.0,13930958.0,https://soundcloud.com/dj-regard-1
44,5,Dance & EDM,UCLA x Colors (Audien Remix) x Runaway x Never Be Like You (fluke. Mashup),https://soundcloud.com/wearefluke/ucla-x-colors-audien-remix-x-runaway-x-never-be-like-you-fluke-mashup,Fluke.,14401.0,3395780.0,https://soundcloud.com/wearefluke
45,6,Dance & EDM,Breaking Me,https://soundcloud.com/topicmusic/breaking-me,Topic,13070.0,8585838.0,https://soundcloud.com/topicmusic
46,7,Dance & EDM,Vanic X Tove Styrke - Borderline,https://soundcloud.com/djvanic/vanic-x-tove-styrke-borderline,VANIC Official,11714.0,32345431.0,https://soundcloud.com/djvanic
47,8,Dance & EDM,The Chainsmokers - Don't Let Me Down (Illenium Remix),https://soundcloud.com/illeniumofficial/the-chainsmokers-dont-let-me-down-illenium-remix,ILLENIUM,11421.0,126507757.0,https://soundcloud.com/illeniumofficial
48,9,Dance & EDM,Small Titty Mix Vol. 1,https://soundcloud.com/bradparsonsofficial/small-titty-mix-vol-1,Brad Parsons,11339.0,1553507.0,https://soundcloud.com/bradparsonsofficial
49,10,Dance & EDM,Goosebumps,https://soundcloud.com/hvme/goosebumps,HVME,11253.0,1675900.0,https://soundcloud.com/hvme
50,1,Dancehall,Not,https://soundcloud.com/skillibeng/not,Skillibeng,5615.0,237444.0,https://soundcloud.com/skillibeng
51,2,Dancehall,"Dancehall Party Mix 2017 - 2018, Vybz Kartel, Alkaline, Mavado, Aidonia, Popcaan & More",https://soundcloud.com/djholup/official-reggae-best-of-dancehall-bashment-mix-popcaan-demarco-mavado-vybz-kartel-alkaline,DJ Hol Up,4374.0,9705288.0,https://soundcloud.com/djholup
52,3,Dancehall,GYAL YOU A PARTY ANIMAL - CHARLY BLACK,https://soundcloud.com/djkurtriley/gyal-you-a-party-animal-charly,DJ Kurt Riley,2702.0,13044393.0,https://soundcloud.com/djkurtriley
53,4,Dancehall,Popcaan - Love Yuh Bad (Produced by Dre Skull),https://soundcloud.com/mixpak/popcaan-love-yuh-bad,Mixpak,2616.0,8291371.0,https://soundcloud.com/mixpak
54,5,Dancehall,Kraz√®d Fwaye ft. Oswald,https://soundcloud.com/roodyroodboy/krazed-fwaye-ft-oswald,ROODY ROODBOY,2465.0,1475779.0,https://soundcloud.com/roodyroodboy
55,6,Dancehall,Vybz Kartel - Summer Time (Riddim by Adde Instrumentals),https://soundcloud.com/addeinstrumentals/vybz-kartel-summer-time-summer,Adde Instrumentals,2462.0,8654693.0,https://soundcloud.com/addeinstrumentals
56,7,Dancehall,Vybz Kartel ft. Squash - Beat Dem Bad,https://soundcloud.com/wbt-empire/vybz-kartel-ft-squash-beat-dem-bad,WBT Empire Music,2192.0,1905040.0,https://soundcloud.com/wbt-empire
57,8,Dancehall,Pretty Girl Team,https://soundcloud.com/alkalineofficial/pretty-girl-team,Alkaline,2184.0,807821.0,https://soundcloud.com/alkalineofficial
58,9,Dancehall,Popcaan - Everything Nice (Produced by Dubbel Dutch),https://soundcloud.com/mixpak/everything-nice,Mixpak,2043.0,7341899.0,https://soundcloud.com/mixpak
59,10,Dancehall,Badman,https://soundcloud.com/skillibeng/badman,Skillibeng,2038.0,79542.0,https://soundcloud.com/skillibeng
60,1,Deep House,Summer Special Super Mix 2021 - Best Of Deep House Sessions Music 2021 Chill Out Mix by Drop G,https://soundcloud.com/djdropg/summer-special-super-mix-2018-best-of-deep-house-sessions-music-2018-chill-out-mix-by-drop-g,·¥∞·¥∂ Drop G,5747.0,13721756.0,https://soundcloud.com/djdropg
61,2,Deep House,Jay Sean - Ride It (Regard Remix),https://soundcloud.com/dj-regard-1/jay-sean-ride-it-regard-remix,Regard,4594.0,14200851.0,https://soundcloud.com/dj-regard-1
62,3,Deep House,DEEP HOUSE SUMMER MIX 2 - AHMET KILIC,https://soundcloud.com/ahmet-kilic/deep-house-summer-mix-2014-1,Ahmet Kilic,2847.0,22915832.0,https://soundcloud.com/ahmet-kilic
63,4,Deep House,Summer Mix | Best Of Kygo Mix 2021 | Best Of Tropical Deep House Music Chill Out 2021,https://soundcloud.com/shinemusic/summer-mix-best-of-kygo-mix-2017-best-of-tropical-deep-house-music-chill-out-2017,ShineMusic,2521.0,4726720.0,https://soundcloud.com/shinemusic
64,5,Deep House,The Anjunadeep Edition 345 with James Grant,https://soundcloud.com/anjunadeep/the-anjunadeep-edition-345,Anjunadeep,2334.0,16389.0,https://soundcloud.com/anjunadeep
65,6,Deep House,Matt Simons - Catch & Release (Deepend Remix) - [OUT NOW!!],https://soundcloud.com/deependmusic/matt-simons-catch-release-deepend-remix-out-now,Deepend,2264.0,44634897.0,https://soundcloud.com/deependmusic
66,7,Deep House,Creep (feat. Ember Island),https://soundcloud.com/gamperdadoni/creep-feat-ember-island,GAMPER & DADONI,1633.0,5632956.0,https://soundcloud.com/gamperdadoni
67,8,Deep House,Robin Schulz - Sugar (EDX's Ibiza Sunrise Remix),https://soundcloud.com/edxmusic/robin-schulz-sugar-edx-ibiza-sunrise-remix,EDX,1621.0,17169841.0,https://soundcloud.com/edxmusic
68,9,Deep House,Deep & Sexy Podcast #46 (Kissing),https://soundcloud.com/alexcruz/deep-sexy-podcast-46-kissing,Alex Cruz,1545.0,23565.0,https://soundcloud.com/alexcruz
69,10,Deep House,M√ñWE - Birds Flying High (FREE Download),https://soundcloud.com/m-we-1/mowe-birds-flying-high,M√ñWE,1381.0,17536455.0,https://soundcloud.com/m-we-1
70,1,Disco,The Ultimate 80's Mix,https://soundcloud.com/pokert/the-ultimate-80s-mix,PokerT,753.0,2261264.0,https://soundcloud.com/pokert
71,2,Disco,Estilo Disco: 70s Disco Megamix Boite Discotheque,https://soundcloud.com/mix80s/estilo-disco-70s-disco-megamix-boite-discotheque-the-classic-project-vol-12,Mix80s,649.0,4888702.0,https://soundcloud.com/mix80s
72,3,Disco,Poolside,https://soundcloud.com/daniel-steinberg/poolside,Daniel Steinberg,450.0,11481.0,https://soundcloud.com/daniel-steinberg
73,4,Disco,datfootdive  - ‚ÄùÔΩìÔΩîÔΩÅÔΩô‚Äù,https://soundcloud.com/futuresocietycollective/stay,Future Society,391.0,1397779.0,https://soundcloud.com/futuresocietycollective
74,5,Disco,70'S & 80'S DISCO & FUNK DANCE MIX - 70'S & 80'S DISCO & FUNK DANCE MIX - SPRING 2014.mp3,https://soundcloud.com/gilles-dumontet/70s-80s-disco-funk-dance-mix,Gilles Dumontet,309.0,698249.0,https://soundcloud.com/gilles-dumontet
75,6,Disco,Aritus - Keep,https://soundcloud.com/aritusmusic/aritus-keep-1,Aritus üå∏,262.0,1095346.0,https://soundcloud.com/aritusmusic
76,7,Disco,"Hot Stuff (12"" Version)",https://soundcloud.com/donna-summer-official/hot-stuff-3,Donna Summer,262.0,267259.0,https://soundcloud.com/donna-summer-official
77,8,Disco,Poolside - Contact High Mixtape,https://soundcloud.com/poolside/contact-high-mixtape,Poolside,253.0,836171.0,https://soundcloud.com/poolside
78,9,Disco,Glitterbox Radio Show 205: Purple Disco Machine Takeover,https://soundcloud.com/glitterboxibiza/glitterbox-radio-show-205-presented-by-purple-disco-machine,Glitterbox,173.0,32681.0,https://soundcloud.com/glitterboxibiza
79,10,Disco,"I Feel Love (12"" Version)",https://soundcloud.com/donna-summer-official/i-feel-love-3,Donna Summer,171.0,44423.0,https://soundcloud.com/donna-summer-official
80,1,Drum & Bass,Cartoon - Why We Lose (feat. Coleman Trapp) [NCS Release],https://soundcloud.com/nocopyrightsounds/cartoon-why-we-lose-feat-coleman-trapp-ncs-release,NCS,5246.0,21825866.0,https://soundcloud.com/nocopyrightsounds
81,2,Drum & Bass,Mr. Kill Myself,https://soundcloud.com/sewerslvt/mr-kill-myself,Sewerslvt,1768.0,416541.0,https://soundcloud.com/sewerslvt
82,3,Drum & Bass,Feint - We Won't Be Alone (feat. Laura Brehm),https://soundcloud.com/monstercat/feint-we-wont-be-alone,Monstercat,1394.0,6628607.0,https://soundcloud.com/monstercat
83,4,Drum & Bass,Aftershock,https://soundcloud.com/mackygee/aftershock-1,Macky Gee,1147.0,2846370.0,https://soundcloud.com/mackygee
84,5,Drum & Bass,Feint - Snake Eyes (feat. CoMa),https://soundcloud.com/monstercat/feint-snake-eyes-feat-coma,Monstercat,1095.0,6701300.0,https://soundcloud.com/monstercat
85,6,Drum & Bass,Delta Heavy - White Flag,https://soundcloud.com/deltaheavyuk/delta-heavy-white-flag,DELTŒî HEŒîVY,1054.0,2362265.0,https://soundcloud.com/deltaheavyuk
86,7,Drum & Bass,VISION Radio S01E15,https://soundcloud.com/visionrecordings/vision-radio-s01e15,VISION,944.0,9984.0,https://soundcloud.com/visionrecordings
87,8,Drum & Bass,Gorillaz - feel good inc (drum and bass remix),https://soundcloud.com/photon-snake/gorillaz-feel-good-inc-drum-and-bass-remix,Photon snake,896.0,4594187.0,https://soundcloud.com/photon-snake
88,9,Drum & Bass,Rohaan - Purity,https://soundcloud.com/rohaanofficial/rohaan-purity,Rohaan,859.0,6936.0,https://soundcloud.com/rohaanofficial
89,10,Drum & Bass,Macky Gee - Tour,https://soundcloud.com/elevaterecordsuk/macky-gee-tour,Elevate Records,846.0,7244448.0,https://soundcloud.com/elevaterecordsuk
90,1,Dubstep,Skrillex & Rick Ross - Purple Lamborghini,https://soundcloud.com/skrillex/skrillex-rick-ross-purple-lamborghini,Skrillex,7512.0,43176290.0,https://soundcloud.com/skrillex
91,2,Dubstep,Flight Facilities - Crave You (Adventure Club Dubstep Remix),https://soundcloud.com/adventureclub/flight-facilities-crave-you,Adventure Club,6754.0,37258909.0,https://soundcloud.com/adventureclub
92,3,Dubstep,Liquid Stranger - The Drill,https://soundcloud.com/wakaan/liquid-stranger-the-drill,Wakaan,6201.0,36685.0,https://soundcloud.com/wakaan
93,4,Dubstep,GRiZ X Ganja White Night - Ease Your Mind,https://soundcloud.com/griz/x-ganja-white-night-ease-your-mind,GRiZ,6159.0,123619.0,https://soundcloud.com/griz
94,5,Dubstep,Excision - Lost Lands 2019 Mix,https://soundcloud.com/excision/lost-lands-2019-mix,Excision,5944.0,1448669.0,https://soundcloud.com/excision
95,6,Dubstep,Blue Foundation - Eyes On Fire (Zeds Dead Remix),https://soundcloud.com/zedsdead/blue-foundation-eyes-on-fire-zeds-dead-remix,Zeds Dead,5661.0,13621126.0,https://soundcloud.com/zedsdead
96,7,Dubstep,Skrillex & Damian 'Jr Gong' Marley - Make It Bun Dem,https://soundcloud.com/skrillex/skrillex-damian-jr-gong-marley,Skrillex,5417.0,30384615.0,https://soundcloud.com/skrillex
97,8,Dubstep,NOW THATS WHAT I CALL RIDDIM VOLUME 5,https://soundcloud.com/subtronics/now-thats-what-i-call-riddim-volume-5,Subtronics,5285.0,2117700.0,https://soundcloud.com/subtronics
98,9,Dubstep,Skrillex - Bangarang feat Sirah,https://soundcloud.com/skrillex/skrillex-bangarang-feat-sirah,Skrillex,5235.0,37218724.0,https://soundcloud.com/skrillex
99,10,Dubstep,SPACE LACES - Vaultage 003,https://soundcloud.com/space-laces/vaultage-003,SPACE LACES,4826.0,210729.0,https://soundcloud.com/space-laces
100,1,Electronic,she likes another boy,https://soundcloud.com/oscarlangmusic/she-likes-another-boy,oscar lang,36915.0,811748.0,https://soundcloud.com/oscarlangmusic
101,2,Electronic,Swing Lynn,https://soundcloud.com/yosoyharmless/untitled-1,Harmless,36301.0,4566077.0,https://soundcloud.com/yosoyharmless
102,3,Electronic,Aaron Smith - Dancin (Remix by KRONO),https://soundcloud.com/kronopage/aaron-smith-dancin-remix-by,KRONO,34212.0,58718032.0,https://soundcloud.com/kronopage
103,4,Electronic,ark patrol - let go (slowed + reverb) instrumental loop,https://soundcloud.com/astral-268426403/ark-patrol-let-go-slowed-reverb-instrumental-loop,shiloh,32217.0,6643935.0,https://soundcloud.com/astral-268426403
104,5,Electronic,Zavodila - Friday Night Funkin': Mid-Fight Masses OST,https://soundcloud.com/user-803738864/zavodila-friday-night-funkin-mid-fight-masses-ost,‚àûThe Electro-Warper‚àû (Mike Geno),29331.0,477587.0,https://soundcloud.com/user-803738864
105,6,Electronic,Electric Love,https://soundcloud.com/bornsmusic/borns-electric-love-preview,B√òRNS,27505.0,11250736.0,https://soundcloud.com/bornsmusic
106,7,Electronic,moment (Spotify link in description),https://soundcloud.com/vierrecloud/moment-rondocheek-x-vierrecloud,vierre cloud,27355.0,3373253.0,https://soundcloud.com/vierrecloud
107,8,Electronic,Runaway,https://soundcloud.com/auroraaksnes/runaway-3,AURORA,26255.0,497564.0,https://soundcloud.com/auroraaksnes
108,9,Electronic,Mr.Kitty - After Dark,https://soundcloud.com/hottknoff/mrkitty-after-dark,·µè4‚Å¥,25398.0,5802969.0,https://soundcloud.com/hottknoff
109,10,Electronic,In my Head (Single),https://soundcloud.com/noahkittinger/in-my-head,BEDROOM,25027.0,1386387.0,https://soundcloud.com/noahkittinger
110,1,Folk & Singer-Songwriter,Remember That Night?,https://soundcloud.com/sarakays/remember-that-night,Sara Kays,48098.0,4155139.0,https://soundcloud.com/sarakays
111,2,Folk & Singer-Songwriter,Be Alright,https://soundcloud.com/deanlewisofficial/be-alright,Dean Lewis,39004.0,27253029.0,https://soundcloud.com/deanlewisofficial
112,3,Folk & Singer-Songwriter,Surrender,https://soundcloud.com/natalietaylor/surrender,NatalieTaylor,17187.0,1817058.0,https://soundcloud.com/natalietaylor
113,4,Folk & Singer-Songwriter,Waves,https://soundcloud.com/deanlewisofficial/waves,Dean Lewis,16472.0,5737770.0,https://soundcloud.com/deanlewisofficial
114,5,Folk & Singer-Songwriter,Home,https://soundcloud.com/edithwhiskers/home,Edith Whiskers,15834.0,1207413.0,https://soundcloud.com/edithwhiskers
115,6,Folk & Singer-Songwriter,CHICKEN TENDIES,https://soundcloud.com/clintonkane/chicken-tendies,Clinton Kane,11265.0,468726.0,https://soundcloud.com/clintonkane
116,7,Folk & Singer-Songwriter,Leave a Light On,https://soundcloud.com/iamtomwalker/leave-a-light-on-1,Tom Walker,11037.0,4315650.0,https://soundcloud.com/iamtomwalker
117,8,Folk & Singer-Songwriter,Tom Rosenthal - Home (Edward Sharpe & The Magnetic Zeros cover),https://soundcloud.com/adrian-bliss-2/tom-rosenthal-home-cover,Adrian Bliss,8487.0,2959208.0,https://soundcloud.com/adrian-bliss-2
118,9,Folk & Singer-Songwriter,Welcome to Wonderland,https://soundcloud.com/ansonseabra/welcome-to-wonderland,Anson Seabra,7348.0,3270087.0,https://soundcloud.com/ansonseabra
119,10,Folk & Singer-Songwriter,Heading South,https://soundcloud.com/achane/heading-south,Zach Bryan,6326.0,301466.0,https://soundcloud.com/achane
120,1,Hip-hop & Rap,Polo G - RAPSTAR,https://soundcloud.com/polo-g/polo-g-rapstar,POLO G,3029178.0,11376398.0,https://soundcloud.com/polo-g
121,2,Hip-hop & Rap,Tombstone,https://soundcloud.com/rodwave/tombstone,Rod Wave,868751.0,9496185.0,https://soundcloud.com/rodwave
122,3,Hip-hop & Rap,Headshot,https://soundcloud.com/liltjay/headshot,Lil Tjay,739230.0,6480149.0,https://soundcloud.com/liltjay
123,4,Hip-hop & Rap,JETSKI (feat. Lil Tecca & Lil Mosey),https://soundcloud.com/internetmoneyrecords/jetski-feat-lil-tecca-lil-mosey,Internet Money Records,717351.0,3929328.0,https://soundcloud.com/internetmoneyrecords
124,5,Hip-hop & Rap,Back In Blood (feat. Lil Durk),https://soundcloud.com/ceo-mrpooh/back-in-blood-feat-lil-durk,Pooh Shiesty,690637.0,25615493.0,https://soundcloud.com/ceo-mrpooh
125,6,Hip-hop & Rap,Calling My Phone (feat. 6lack),https://soundcloud.com/liltjay/calling-my-phone,Lil Tjay,688697.0,24027894.0,https://soundcloud.com/liltjay
126,7,Hip-hop & Rap,Spinabenz x Yungeen Ace x FastMoney Goon x Whoppa Wit Da Choppa - Who I Smoke,https://soundcloud.com/yungeenace/spinabenz-x-whoppa-wit-da-choppa-x-yungeen-ace-x-fastmoney-goon,Yungeen Ace,664408.0,3642527.0,https://soundcloud.com/yungeenace
127,8,Hip-hop & Rap,Richer feat. Polo G,https://soundcloud.com/rodwave/richer-feat-polo-g,Rod Wave,644418.0,5475809.0,https://soundcloud.com/rodwave
128,9,Hip-hop & Rap,Lil Tecca - Show Me Up,https://soundcloud.com/liltecca/lil-tecca-show-me-up,Lil Tecca ‚ú∞,589966.0,1944833.0,https://soundcloud.com/liltecca
129,10,Hip-hop & Rap,CURLY SAVV FT G HERBO - 50 SHOTS,https://soundcloud.com/nbacurlysavv/50-shots-feat-g-herbo,Curly Savv,585334.0,1314778.0,https://soundcloud.com/nbacurlysavv
130,1,House,ITS FOOKING GAME DAY [REUPLOAD],https://soundcloud.com/wudaddy/its-fooking-game-day-reupload,wu,19635.0,1391622.0,https://soundcloud.com/wudaddy
131,2,House,Kid Cudi - Pursuit of Happiness (Steve Aoki Remix),https://soundcloud.com/steveaoki/kid-cudi-pursuit-of-happiness,Steve Aoki,12470.0,45162564.0,https://soundcloud.com/steveaoki
132,3,House,Lady - Modjo  /  (Hear Me Tonight) Original,https://soundcloud.com/mhmddewedar/lady-modjo-hear-me-tonight,Mohammed Dewidar,9907.0,5672454.0,https://soundcloud.com/mhmddewedar
133,4,House,No Levels (Avicii vs. Waka Flocka) -Solow and Zalem Hest Mashup,https://soundcloud.com/solow-1/no-levels-avicii-vs-waka,SOLOW,9856.0,4236643.0,https://soundcloud.com/solow-1
134,5,House,Closing Time x Feel So Close x Black Parade x Rooms,https://soundcloud.com/dmac7396/closing-time-x-feel-so-close-x-black-parade-x-rooms-dmac-mashup,DMAC,9843.0,1836749.0,https://soundcloud.com/dmac7396
135,6,House,No Sleep For Kanye (Alec Milton Mashup),https://soundcloud.com/alecmiltonmusic/no-sleep-for-kanye-wiz-v-chainsmokers-v-kasum,Alec Milton,8157.0,4379401.0,https://soundcloud.com/alecmiltonmusic
136,7,House,Lemonade Levels (Avicii x Internet Money),https://soundcloud.com/karkeys_21/lemonade-levels,K A R K E Y S,8067.0,703345.0,https://soundcloud.com/karkeys_21
137,8,House,Friday Beers (Salthaus & Ruston Mix),https://soundcloud.com/ruston_music/friday-beers,Ruston,8022.0,1478218.0,https://soundcloud.com/ruston_music
138,9,House,Calvin Harris - Summer (Extended),https://soundcloud.com/calvinharris/calvin-harris-summer-extended,Calvin Harris,7886.0,78492063.0,https://soundcloud.com/calvinharris
139,10,House,Leat'eq - Tokyo (Free DL),https://soundcloud.com/leateq/leateq-tokyo,Leat'eq,7813.0,873645.0,https://soundcloud.com/leateq
140,1,Indie,Why'd You Only Call Me When You're High - Arctic Monkeys,https://soundcloud.com/stephezzy-1/whyd-you-only-call-me-when-youre-high-arctic-monkeys,Stephezzy,25215.0,3623662.0,https://soundcloud.com/stephezzy-1
141,2,Indie,Dance Monkey,https://soundcloud.com/tonesandi-music/dance-monkey,Tones and I,23378.0,28554465.0,https://soundcloud.com/tonesandi-music
142,3,Indie,Mac DeMarco // My Kind of Woman,https://soundcloud.com/capturedtracks/mac-demarco-my-kind-of-woman,capturedtracks,21722.0,11452625.0,https://soundcloud.com/capturedtracks
143,4,Indie,The Neighbourhood - Sweater Weather - Slowed,https://soundcloud.com/user-578957262/the-neighbourhood-sweater-weather-slowed,christinaxandrea,17784.0,5981508.0,https://soundcloud.com/user-578957262
144,5,Indie,Sweater Weather (slowed to perfection),https://soundcloud.com/sky_kitten/sweater-weather-slowed-to-perfection,Sky_Kitten,6060.0,1289862.0,https://soundcloud.com/sky_kitten
145,6,Indie,Rumors [Available on Spotify and Apple Music üî• ],https://soundcloud.com/neffexmusic/rumors,NEFFEX,5653.0,9919456.0,https://soundcloud.com/neffexmusic
146,7,Indie,Peter Bjorn and John - Young Folks,https://soundcloud.com/wichita-recordings/peter-bjorn-and-john-young-folks,Wichita Recordings,5438.0,6275677.0,https://soundcloud.com/wichita-recordings
147,8,Indie,Hell N Back,https://soundcloud.com/yeaabk/hell-n-back,bakar,5347.0,308774.0,https://soundcloud.com/yeaabk
148,9,Indie,K.,https://soundcloud.com/cigarettesaftersex/k-3,Cigarettes After Sex,4675.0,7265422.0,https://soundcloud.com/cigarettesaftersex
149,10,Indie,Bad Child,https://soundcloud.com/tonesandi-music/bad-child,Tones and I,4562.0,1635973.0,https://soundcloud.com/tonesandi-music
150,1,Jazz & Blues,Frank Sinatra - Fly Me To The Moon,https://soundcloud.com/rodesnanda/frank-sinatra-fly-me-to-the,Jacarand√°,4351.0,14327023.0,https://soundcloud.com/rodesnanda
151,2,Jazz & Blues,Just the two of us (slowed),https://soundcloud.com/emanuel-joseph-whiteman/just-the-two-of-us-slowed,Emanuel,3853.0,1825797.0,https://soundcloud.com/emanuel-joseph-whiteman
152,3,Jazz & Blues,Fly Me To The Moon @Neon Genesis Evangelion,https://soundcloud.com/angeldust-3/fly-me-to-the-moon-neon,Angel3mil,3831.0,2909077.0,https://soundcloud.com/angeldust-3
153,4,Jazz & Blues,It's Been a Long Long Time,https://soundcloud.com/harry-james-official/its-been-a-long-long-time-2,Harry James,3266.0,492719.0,https://soundcloud.com/harry-james-official
154,5,Jazz & Blues,What Are You Doing New Year's Eve,https://soundcloud.com/user-733126739/what-are-you-doing-new-years,kyrastankiewicz0161,3256.0,11502.0,https://soundcloud.com/user-733126739
155,6,Jazz & Blues,Cheek To Cheek,https://soundcloud.com/user-153244938/cheek-to-cheek,murielgarduno04,3155.0,12629.0,https://soundcloud.com/user-153244938
156,7,Jazz & Blues,Ladyfingers,https://soundcloud.com/herbalpert/ladyfingers,Herb Alpert,3014.0,227219.0,https://soundcloud.com/herbalpert
157,8,Jazz & Blues,I'm Gonna Sit Right Down And Write Myself A Letter,https://soundcloud.com/user-432408716/im-gonna-sit-right-down-and,lyndseywinkel11240994,3003.0,10216.0,https://soundcloud.com/user-432408716
158,9,Jazz & Blues,A - Tisket A - Tasket,https://soundcloud.com/user-698632183-575234679/a-tisket-a-tasket,chinmcclaine91,2982.0,12802.0,https://soundcloud.com/user-698632183-575234679
159,10,Jazz & Blues,Lullaby Of Birdland,https://soundcloud.com/user-10146864/lullaby-of-birdland,magdalenaknudtson05,2962.0,12558.0,https://soundcloud.com/user-10146864
160,1,Latin,telepat√≠a,https://soundcloud.com/kaliuchis/telepatia,Kali Uchis,133236.0,4793234.0,https://soundcloud.com/kaliuchis
161,2,Latin,911,https://soundcloud.com/sech-music/911-1,Sech,44791.0,1248162.0,https://soundcloud.com/sech-music
162,3,Latin,Amor Tumbado,https://soundcloud.com/natanaelcano/amor-tumbado,Natanael Cano,37642.0,16063225.0,https://soundcloud.com/natanaelcano
163,4,Latin,Pa Que Sepan,https://soundcloud.com/herenciadepatrones/pa-que-sepan,Herencia de Patrones,35691.0,1016545.0,https://soundcloud.com/herenciadepatrones
164,5,Latin,1004 Kil√≥metros,https://soundcloud.com/juniorh-music/1004-kilometros,Junior H,34963.0,4928859.0,https://soundcloud.com/juniorh-music
165,6,Latin,Disfruto Lo Malo,https://soundcloud.com/natanaelcano/disfruto-lo-malo,Natanael Cano,34902.0,11631874.0,https://soundcloud.com/natanaelcano
166,7,Latin,La Verdad,https://soundcloud.com/herenciadepatrones/la-verdad,Herencia de Patrones,31990.0,350160.0,https://soundcloud.com/herenciadepatrones
167,8,Latin,Por Si Acaso,https://soundcloud.com/herenciadepatrones/por-si-acaso,Herencia de Patrones,31798.0,2429600.0,https://soundcloud.com/herenciadepatrones
168,9,Latin,Corazon Sin Cara,https://soundcloud.com/gabrielcastroysudelta/corazon-sin-cara,Gabriel Castro Y Su Delta,31426.0,643239.0,https://soundcloud.com/gabrielcastroysudelta
169,10,Latin,Por Tu Culpa,https://soundcloud.com/portediferente/por-tu-culpa,Porte Diferente,30107.0,6194188.0,https://soundcloud.com/portediferente
170,1,Metal,Duality,https://soundcloud.com/slipknot/duality,Slipknot,12286.0,6320640.0,https://soundcloud.com/slipknot
171,2,Metal,Psychosocial,https://soundcloud.com/slipknot/psychosocial,Slipknot,9490.0,7347871.0,https://soundcloud.com/slipknot
172,3,Metal,Before I Forget,https://soundcloud.com/slipknot/before-i-forget,Slipknot,5570.0,3411567.0,https://soundcloud.com/slipknot
173,4,Metal,Slipknot - The Devil In I,https://soundcloud.com/roadrunner-usa/slipknot-the-devil-in-i,Roadrunner USA,5314.0,12744087.0,https://soundcloud.com/roadrunner-usa
174,5,Metal,Metallica - Enter sandman,https://soundcloud.com/metal-head0-1/metallica-enter-sandman,Metal Head0,4306.0,7336691.0,https://soundcloud.com/metal-head0-1
175,6,Metal,The Devil in I,https://soundcloud.com/slipknot/the-devil-in-i,Slipknot,3883.0,1560098.0,https://soundcloud.com/slipknot
176,7,Metal,Rob Zombie - Dragula,https://soundcloud.com/officialshizumaru/dragula-rob-zombie-guitar-cover,SHIZUMARU,3811.0,337930.0,https://soundcloud.com/officialshizumaru
177,8,Metal,Masked Wolf - Astronaut In The Ocean (Metal Cover by Our Last Night).mp3,https://soundcloud.com/user-784301892/masked-wolf-astronaut-in-the,Sarah Ellen,3755.0,83693.0,https://soundcloud.com/user-784301892
178,9,Metal,"City Morgue, ZillaKami, SosMula - SHINNERS13",https://soundcloud.com/hikariultra/city-morgue-shinners13,HIKARI-ULTRA,3661.0,1385115.0,https://soundcloud.com/hikariultra
179,10,Metal,Metallica - Ride The Lightning,https://soundcloud.com/renatoluis-ferreira/ride-the-lightning,Renato Luis,3431.0,245202.0,https://soundcloud.com/renatoluis-ferreira
180,1,Piano,Yiruma - River flows in you,https://soundcloud.com/awfulpianosound/yiruma-river-flows-in-you,Awful Piano Sound,2213.0,17520102.0,https://soundcloud.com/awfulpianosound
181,2,Piano,"Where Is My Mind (Piano Cover, Slowed)",https://soundcloud.com/1lychee/where-is-my-mind-piano-slowed,lychee,1686.0,244619.0,https://soundcloud.com/1lychee
182,3,Piano,Maxence Cyrin - Where Is My Mind (The Pixies Piano Cover),https://soundcloud.com/yvpoipoi/maxence-cyrin-where-is-my-mind,yvpoipoi,1173.0,452768.0,https://soundcloud.com/yvpoipoi
183,4,Piano,Where Is My Mind  - Piano Cover,https://soundcloud.com/protegemoi-1/where-is-my-mind-piano-cover,Fuat Alkan,1145.0,1337122.0,https://soundcloud.com/protegemoi-1
184,5,Piano,Ludovico Einaudi - Nuvole Bianche,https://soundcloud.com/dawelocklear/ludovico-einaudi-nuvole-bianche,dawelocklear,975.0,2912345.0,https://soundcloud.com/dawelocklear
185,6,Piano,River Flows in You - Yiruma (Piano Cover),https://soundcloud.com/sharieingente/river-flows-in-you-yiruma,Sharie,873.0,1289274.0,https://soundcloud.com/sharieingente
186,7,Piano,The Hanging Tree from The Hunger Games: Mockingjay (Piano and Voice cover by Dani the Girl),https://soundcloud.com/starwarspunk/the-hanging-tree-from-the-hunger-games-mockingjay-piano-cover-by-dani,starwarspunk,848.0,5504557.0,https://soundcloud.com/starwarspunk
187,8,Piano,Callaita (lilbabygrand remix),https://soundcloud.com/user-388582263/callaita-lilbabygrand-remix,lilbabygrand,797.0,5549.0,https://soundcloud.com/user-388582263
188,9,Piano,Âáõ„Å®„Åó„Å¶ÊôÇÈõ® - Unravel (piano Cover) [Tokyo Ghoul OP],https://soundcloud.com/aouysdgfahsbdfiwegdfsesuf/unravel-piano-cover-tokyo-ghoul-op,aouysdgfahsbdfiwegdfsesuf,793.0,2351965.0,https://soundcloud.com/aouysdgfahsbdfiwegdfsesuf
189,10,Piano,"Victor's Piano Solo, The Piano Duet (Corpse Bride Medley)",https://soundcloud.com/myuu/victors-piano-solo-the-piano-duet-corpse-bride-medley,Myuu,760.0,456149.0,https://soundcloud.com/myuu
190,1,Pop,MONTERO (Call Me By Your Name),https://soundcloud.com/secret-service-862007284/montero-call-me-by-your-name,Lil Nas X,297962.0,3272935.0,https://soundcloud.com/secret-service-862007284
191,2,Pop,MONTERO (Call Me By Your Name) (SATAN'S EXTENDED VERSION),https://soundcloud.com/secret-service-862007284/montero-call-me-by-your-name-1,Lil Nas X,178510.0,1926180.0,https://soundcloud.com/secret-service-862007284
192,3,Pop,deja vu,https://soundcloud.com/oliviarodrigo/deja-vu,Olivia Rodrigo,114193.0,544899.0,https://soundcloud.com/oliviarodrigo
193,4,Pop,Runaway,https://soundcloud.com/auroraaksnes/runaway-2,AURORA,102243.0,1283820.0,https://soundcloud.com/auroraaksnes
194,5,Pop,drivers license,https://soundcloud.com/oliviarodrigo/drivers-license,Olivia Rodrigo,101032.0,13581802.0,https://soundcloud.com/oliviarodrigo
195,6,Pop,SAD!,https://soundcloud.com/jahseh-onfroy/sad,XXXTENTACION,99832.0,54642589.0,https://soundcloud.com/jahseh-onfroy
196,7,Pop,Levitating (feat. DaBaby),https://soundcloud.com/dualipa/levitating-feat-dababy,Dua Lipa,98166.0,1964220.0,https://soundcloud.com/dualipa
197,8,Pop,Arcade,https://soundcloud.com/duncanlaurence-music/arcade,Duncan Laurence,97749.0,5695998.0,https://soundcloud.com/duncanlaurence-music
198,9,Pop,the remedy for a broken heart (why am I so in love),https://soundcloud.com/jahseh-onfroy/the-remedy-for-a-broken-heart,XXXTENTACION,93363.0,39355589.0,https://soundcloud.com/jahseh-onfroy
199,10,Pop,Mood (feat. iann dior),https://soundcloud.com/24kgoldn/mood-feat-iann-dior,24kGoldn,90346.0,24446244.0,https://soundcloud.com/24kgoldn
200,1,R&B & Soul,"Bruno Mars, Anderson .Paak, Silk Sonic - Leave The Door Open",https://soundcloud.com/brunomars/bruno-mars-anderson-paak-silk,brunomars,1340194.0,5523608.0,https://soundcloud.com/brunomars
201,2,R&B & Soul,Track Star,https://soundcloud.com/mooski-music/track-star,Mooski,486463.0,8217288.0,https://soundcloud.com/mooski-music
202,3,R&B & Soul,Heartbreak Anniversary,https://soundcloud.com/giveon/heartbreak-anniversary,Giveon,356394.0,9945995.0,https://soundcloud.com/giveon
203,4,R&B & Soul,Streets,https://soundcloud.com/amalaofficial/streets,DOJA CAT,180743.0,13847876.0,https://soundcloud.com/amalaofficial
204,5,R&B & Soul,Yung Bleu & Drake - You're Mines Still,https://soundcloud.com/yung-bleu/yung-bleu-drake-youre-mines-still,yung bleu,170151.0,9071882.0,https://soundcloud.com/yung-bleu
205,6,R&B & Soul,Floor Seats,https://soundcloud.com/realmalone/floor-seats,Moxas (IG: @Moxas),148860.0,14226407.0,https://soundcloud.com/realmalone
206,7,R&B & Soul,Do Better,https://soundcloud.com/lildonald/do-better,Lil Donald,120594.0,20394936.0,https://soundcloud.com/lildonald
207,8,R&B & Soul,MajorNine x Soul Ties,https://soundcloud.com/chad-31/majornine-x-soul-ties,#TouchMoney,108875.0,15582275.0,https://soundcloud.com/chad-31
208,9,R&B & Soul,Lloyd - ALL I NEED (prod. Slade Da Monsta),https://soundcloud.com/sladedamonsta/lloyd-all-i-need,Slade Da Monsta,99130.0,2535160.0,https://soundcloud.com/sladedamonsta
209,10,R&B & Soul,Like I Want You,https://soundcloud.com/giveon/like-i-want-you,Giveon,92359.0,7988270.0,https://soundcloud.com/giveon
210,1,Reggae,Crocodile Teeth,https://soundcloud.com/skillibeng/crocodile-teeth,Skillibeng,29511.0,1506593.0,https://soundcloud.com/skillibeng
211,2,Reggae,Call Me If,https://soundcloud.com/dextadaps/call-me-if,Dexta Daps,12764.0,1471286.0,https://soundcloud.com/dextadaps
212,3,Reggae,Roll Deep,https://soundcloud.com/10tik/roll-deep-1,10Tik,8830.0,79778.0,https://soundcloud.com/10tik
213,4,Reggae,Memories,https://soundcloud.com/kimali-smith/memories,LuckyKidd,8164.0,606107.0,https://soundcloud.com/kimali-smith
214,5,Reggae,WiFi,https://soundcloud.com/dextadaps/wifi,Dexta Daps,7805.0,246344.0,https://soundcloud.com/dextadaps
215,6,Reggae,Coke,https://soundcloud.com/skillibeng/coke,Skillibeng,7785.0,206192.0,https://soundcloud.com/skillibeng
216,7,Reggae,Love At First Sight,https://soundcloud.com/kimali-smith/love-at-first-sight-1,LuckyKidd,7435.0,1436807.0,https://soundcloud.com/kimali-smith
217,8,Reggae,Twinkle,https://soundcloud.com/dextadaps/twinkle,Dexta Daps,6016.0,648154.0,https://soundcloud.com/dextadaps
218,9,Reggae,Breaking News,https://soundcloud.com/dextadaps/breaking-news,Dexta Daps,4919.0,657665.0,https://soundcloud.com/dextadaps
219,10,Reggae,Koffee - Toast,https://soundcloud.com/pee-jaam/koffee-toast,Pee Jaam,4553.0,3156505.0,https://soundcloud.com/pee-jaam
220,1,Reggaeton,No Quiere Enamorarse,https://soundcloud.com/ozunapr/no-quiere-enamorarse,Ozuna,17074.0,40477781.0,https://soundcloud.com/ozunapr
221,2,Reggaeton,J Balvin Ft. Bad Bunny - Si Tu Novio Te Deja Sola (Descarga Directa),https://soundcloud.com/dyaze-08/j-balvin-ft-bad-bunny-si-tu-novio-te-deja-sola,DyAze,12850.0,25101888.0,https://soundcloud.com/dyaze-08
222,3,Reggaeton,Anuel AA - La Bebe Leche El Famoso Biberon Ft Black Jonas Point & Liro Shaq Remix reggaeton,https://soundcloud.com/pmconthebeat/anuel-aa-la-bebe-leche-el-famoso-biberon-ft-black-jonas-point-liro-shaq-remix-reggaeton,PMCBeats,12013.0,2120502.0,https://soundcloud.com/pmconthebeat
223,4,Reggaeton,BAD BUNNY - NI BIEN NI MAL Prod. by Tainy [Official Audio] X 100PRE,https://soundcloud.com/jeinzmacias/bad-bunny-ni-bien-ni-mal-prod-by-tainy-official-audio-x-100pre,Jeinz Macias ‚úÖ,9823.0,3739320.0,https://soundcloud.com/jeinzmacias
224,5,Reggaeton,"Ozuna Ft. Arcangel, J Balvin - Ahora Dice",https://soundcloud.com/la-musica-del-momento/ozuna-ft-arcangel-j-balvin-ahora-dice,La M√∫sica Del Momento,8893.0,8266331.0,https://soundcloud.com/la-musica-del-momento
225,6,Reggaeton,Lenny TavaÃÅrez Ft. Farruko - No Quiere Amor,https://soundcloud.com/lennytavareztm/lenny-tavarez-ft-farruko-no-quiere-amor,Lenny Tav√°rez,7561.0,8693934.0,https://soundcloud.com/lennytavareztm
226,7,Reggaeton,Ozuna - Si Te Dejas Llevar (feat. Juanka El Problematik),https://soundcloud.com/nelaionmusic/ozuna-si-te-dejas-llevar-feat-juanka-el-problematik,Nelaion Music,7237.0,18671186.0,https://soundcloud.com/nelaionmusic
227,8,Reggaeton,PERREO PESAU - RAUW ALEJANDRO (PROD. DJ KILLER EL BELLAKO) 2021,https://soundcloud.com/djkillerelbellako/perreo-pesau-rauw-alejandro-prod-dj-killer-el-bellako-2021,Dj Killer Private Account,6960.0,153447.0,https://soundcloud.com/djkillerelbellako
228,9,Reggaeton,"Sola (Official Remix) (Ft. Farruko, Daddy Yankee, Wisin, Zion & Lennox)",https://soundcloud.com/anuel2blea/sola-official-remix-ft-farruko-daddy-yankee-wisin-zion-lennox,Anuel_AA,6603.0,25977027.0,https://soundcloud.com/anuel2blea
229,10,Reggaeton,"Anuel AA Ft. Jory - Nacimos Pa Morir ""Prod. Masis & Tainy""",https://soundcloud.com/anuel2blea/anuel-aa-ft-joryboy-nacimos-pa-morir,Anuel_AA,6590.0,21918757.0,https://soundcloud.com/anuel2blea
230,1,Rock,"ZillaKami, Lil Uzi Vert - BADASS",https://soundcloud.com/hikariultra/zillakami-lil-uzi-vert-badass,HIKARI-ULTRA,330587.0,657603.0,https://soundcloud.com/hikariultra
231,2,Rock,Jealous,https://soundcloud.com/eyedress/jealous,EYEDRESS,82948.0,4428050.0,https://soundcloud.com/eyedress
232,3,Rock,Can You Feel My Heart,https://soundcloud.com/bring-me-the-horizon/can-you-feel-my-heart-1,Bring Me The Horizon,57229.0,3727777.0,https://soundcloud.com/bring-me-the-horizon
233,4,Rock,ZillaKami - CHAINS,https://soundcloud.com/hikariultra/zillakami-chains,HIKARI-ULTRA,53073.0,760159.0,https://soundcloud.com/hikariultra
234,5,Rock,Strawberry Guy - Mrs Magic,https://soundcloud.com/melodic-records/strawberry-guy-mrs-magic,Melodic Records,53045.0,2058720.0,https://soundcloud.com/melodic-records
235,6,Rock,YOUNG,https://soundcloud.com/vacationsfanclub/young-1,VACATIONS,48175.0,4083969.0,https://soundcloud.com/vacationsfanclub
236,7,Rock,I Can't Handle Change,https://soundcloud.com/lewcci/i-cant-handle-change,@lewcci,41382.0,1783998.0,https://soundcloud.com/lewcci
237,8,Rock,As The World Caves In,https://soundcloud.com/matt-maltese/as-the-world-caves-in,matt maltese,39602.0,4812855.0,https://soundcloud.com/matt-maltese
238,9,Rock,Burning Pile,https://soundcloud.com/mother-mother/burning-pile,Mother Mother,39439.0,914999.0,https://soundcloud.com/mother-mother
239,10,Rock,Washing Machine Heart,https://soundcloud.com/mitskiofficial/washing-machine-heart,Mitski,39235.0,1232523.0,https://soundcloud.com/mitskiofficial
240,1,Soundtrack,Hold On,https://soundcloud.com/extrememusic/hold-on-6,Extreme Music,17813.0,2546174.0,https://soundcloud.com/extrememusic
241,2,Soundtrack,"Don't Give Up On Me (From ""Five Feet Apart"")",https://soundcloud.com/andy-grammer-official/dont-give-up-on-me-from-five,Andy Grammer,17157.0,6965821.0,https://soundcloud.com/andy-grammer-official
242,3,Soundtrack,"All I Want (From ""High School Musical: The Musical: The Series"")",https://soundcloud.com/oliviarodrigo/all-i-want-from-high-school,Olivia Rodrigo,14449.0,2478845.0,https://soundcloud.com/oliviarodrigo
243,4,Soundtrack,The Only Thing They Fear Is You,https://soundcloud.com/doom-slayer-1/the-only-thing-they-fear-is,Doom Slayer,13218.0,1190617.0,https://soundcloud.com/doom-slayer-1
244,5,Soundtrack,Turning Page,https://soundcloud.com/sleepingatlast/turning-page,Sleeping At Last,10283.0,13932105.0,https://soundcloud.com/sleepingatlast
245,6,Soundtrack,What's Up Danger (Spider-Man: Into the Spider-Verse),https://soundcloud.com/blackwaymusic/whats-up-danger-spider-man,Blackway,8393.0,7314096.0,https://soundcloud.com/blackwaymusic
246,7,Soundtrack,Start a Riot,https://soundcloud.com/duckwrth/start-a-riot,DUCKWRTH,8098.0,3105224.0,https://soundcloud.com/duckwrth
247,8,Soundtrack,Attack On Titan Season 4 OST - Ashes on The Fire,https://soundcloud.com/aliamohammed/attack-on-titan-season-4-ost-ashes-on-the-fire,Ali A. Mohammed (Or Spectraali),7414.0,185953.0,https://soundcloud.com/aliamohammed
248,9,Soundtrack,My Hero Academia OST - Track 1: You Say Run (Theme Song - Plus Ultra),https://soundcloud.com/zacky-san/my-hero-academia-ost-track-1-you-say-run,Zacky-San,7100.0,9316068.0,https://soundcloud.com/zacky-san
249,10,Soundtrack,Only Wanna Be With You (Pok√©mon 25 Version),https://soundcloud.com/postmalone/only-wanna-be-with-you-pokemon,Post Malone,6924.0,266643.0,https://soundcloud.com/postmalone
250,1,Techno,Friday Night Funkin - Fresh (Happy Hardcore Remix),https://soundcloud.com/trashz3nt/freshrmx,Naz3nt,1931.0,37763.0,https://soundcloud.com/trashz3nt
251,2,Techno,Trepidation,https://soundcloud.com/stanchrist/stan-christ-trepidation,Stan Christ,1900.0,155400.0,https://soundcloud.com/stanchrist
252,3,Techno,The Tempo Machine (The Tempo Machine EP),https://soundcloud.com/gabbanatic/the-tempo-machine-the-tempo-machine-ep,Gabbanatic,1867.0,180016.0,https://soundcloud.com/gabbanatic
253,4,Techno,Hentai - S3RL,https://soundcloud.com/s3rl/hentai-s3rl,S3RL,1463.0,4309366.0,https://soundcloud.com/s3rl
254,5,Techno,"DCR558 ‚Äì Drumcode Radio Live ‚Äì Sterac live from Ampere, Antwerp",https://soundcloud.com/adambeyer/dcr558-drumcode-radio-live-sterac-live-from-ampere-antwerp,adambeyer,1170.0,11306.0,https://soundcloud.com/adambeyer
255,6,Techno,Spicy feat. Ginger (Edit),https://soundcloud.com/boris-brejcha/spicy-feat-ginger-radio-edit,Boris Brejcha,1099.0,42657.0,https://soundcloud.com/boris-brejcha
256,7,Techno,"In the MOOD - Episode 363 - Live from Savaya, Bali (April 21)",https://soundcloud.com/nicolemoudaber/in-the-mood-episode-363-live-from-savaya-bali-april-21,Nicole Moudaber,1052.0,4956.0,https://soundcloud.com/nicolemoudaber
257,8,Techno,DCR557 ‚Äì Drumcode Radio Live ‚Äì Adam Beyer Studio Mix recorded in Ibiza,https://soundcloud.com/adambeyer/dcr557-drumcode-radio-live-adam-beyer-studio-mix-recorded-in-ibiza,adambeyer,1019.0,22995.0,https://soundcloud.com/adambeyer
258,9,Techno,rayquaza ex,https://soundcloud.com/3xod1a/rayquaza,Exodia,1000.0,80571.0,https://soundcloud.com/3xod1a
259,10,Techno,SPRING HARDCORE 2021 MIX,https://soundcloud.com/liltexas/spring-hardcore-2021-mix,LIL TEXAS,926.0,27030.0,https://soundcloud.com/liltexas
260,1,Trance,Above & Beyond - The Club Instrumentals (Continuous Mix),https://soundcloud.com/aboveandbeyond/above-beyond-the-club-instrumentals,Above & Beyond,1480.0,7921.0,https://soundcloud.com/aboveandbeyond
261,2,Trance,Group Therapy 429 with Above & Beyond and Dennis Sheperd,https://soundcloud.com/aboveandbeyond/group-therapy-429-with-above,Above & Beyond,1422.0,7369.0,https://soundcloud.com/aboveandbeyond
262,3,Trance,Zyzz   The Ultimate Mix,https://soundcloud.com/toddz999/zyzz-the-ultimate-mix-1,Toddz999,1136.0,1839914.0,https://soundcloud.com/toddz999
263,4,Trance,"Tritonal, Dylan Matthew, Au5 - Happy Where We Are",https://soundcloud.com/tritonalmusic/tritonal-dylan-matthew-au5-happy-where-we-are,Tritonal,705.0,78202.0,https://soundcloud.com/tritonalmusic
264,5,Trance,Armin van Buuren feat. Trevor Guthrie - This Is What It Feels Like (W&W Remix),https://soundcloud.com/wandw/armin-van-buuren-feat-trevor,W&W,694.0,16853221.0,https://soundcloud.com/wandw
265,6,Trance,Group Therapy 427 with Above & Beyond and SOHMI,https://soundcloud.com/aboveandbeyond/group-therapy-427-with-above,Above & Beyond,666.0,17131.0,https://soundcloud.com/aboveandbeyond
266,7,Trance,Tritonia 339,https://soundcloud.com/tritonalmusic/tritonia-339,Tritonal,583.0,1603.0,https://soundcloud.com/tritonalmusic
267,8,Trance,"Fatum, Genix, Jaytech & Judah - We're All In This Together (Above & Beyond Respray)",https://soundcloud.com/aboveandbeyond/fatum-genix-jaytech-judah-were-all-in-this-together-above-beyond-respray,Above & Beyond,531.0,78722.0,https://soundcloud.com/aboveandbeyond
268,9,Trance,WYM Radio Episode 366,https://soundcloud.com/cosmicgateofficial/wym-radio-episode-366,CosmicGateOfficial,526.0,3017.0,https://soundcloud.com/cosmicgateofficial
269,10,Trance,Armin van Buuren vs. Vini Vici feat. Hilight Tribe ‚Äì Great Spirit [Armind] OUT NOW!!!,https://soundcloud.com/vinivicimusic/armin-van-buuren-vs-vini-vici-ft-hilight-tribe-great-spirit-armind-dec122016,vinivicimusic,518.0,12624241.0,https://soundcloud.com/vinivicimusic
270,1,Trap,Chief Keef - Love Sosa (RL Grime Remix),https://soundcloud.com/rlgrime/love-sosa-rl-grime-remix,RL Grime,13974.0,43969355.0,https://soundcloud.com/rlgrime
271,2,Trap,"Amenazzy, Arc√°ngel ‚Äî La Chanty (Remix)",https://soundcloud.com/luzonicent/aalcr,Luzonic Entertainment,13002.0,5215381.0,https://soundcloud.com/luzonicent
272,3,Trap,Black Coast - TRNDSTTR (Lucian Remix) [feat. M. Maggie],https://soundcloud.com/lucianofficial/black-coast-trndsttr-lucian-remix,Lucian,10624.0,53734206.0,https://soundcloud.com/lucianofficial
273,4,Trap,RYLLZ - Nemesis,https://soundcloud.com/lacunarecs/ryllz-nemesis,Lacuna,8552.0,1367469.0,https://soundcloud.com/lacunarecs
274,5,Trap,Alan Walker - Faded (Osias Trap Remix),https://soundcloud.com/osiasmusic/alan-walker-faded-osias-trap-remix,OSIAS (@osiasmusic),8358.0,24649677.0,https://soundcloud.com/osiasmusic
275,6,Trap,Fetty Wap - Trap Queen (Crankdat Remix) ‚öô,https://soundcloud.com/crankdatmusic/trapqueen,Crankdat,8314.0,60172659.0,https://soundcloud.com/crankdatmusic
276,7,Trap,Hermitude - The Buzz (feat. Mataya & Young Tapz),https://soundcloud.com/nickraymondg/hermitude-the-buzz,Thissongissick.com,5799.0,19775582.0,https://soundcloud.com/nickraymondg
277,8,Trap,Chief Keef - Hate Being Sober - 50 Cent & Wiz Khalifa (Dotcom's Festival Trap Remix),https://soundcloud.com/marcus-mj/chief-keef-hate-being-sober-50,Marcus mj,5619.0,28414354.0,https://soundcloud.com/marcus-mj
278,9,Trap,EIFFEL 65-BLUE (KNY FACTORY-TRAP REMIX) FREE DOWNLOAD,https://soundcloud.com/kny-factory/eiffel-65-blue-kny-factory,KNY FŒõCTORY,5262.0,19505106.0,https://soundcloud.com/kny-factory
279,10,Trap,Twenty One Pilots - Ride (Jaydon Lewis Remix),https://soundcloud.com/morethanrecs/twenty-one-pilots-ride-jaydon-lewis-remix,More Than Records,5080.0,22120068.0,https://soundcloud.com/morethanrecs
280,1,Triphop,Air (feat. Sauvane),https://soundcloud.com/clozee/air-feat-sauvane,CloZee,794.0,163236.0,https://soundcloud.com/clozee
281,2,Triphop,Us (feat. The Kite String Tangle),https://soundcloud.com/clozee/us,CloZee,599.0,125174.0,https://soundcloud.com/clozee
282,3,Triphop,I Only Have Myself,https://soundcloud.com/annursidney/i-only-have-myself,Annur Sidney,347.0,157691.0,https://soundcloud.com/annursidney
283,4,Triphop,Preemo,https://soundcloud.com/littlepeoplemusic/premo,little people,286.0,11021.0,https://soundcloud.com/littlepeoplemusic
284,5,Triphop,Best of Trip-Hop & Downtemp & Lo-Fi & Nujazz,https://soundcloud.com/s1xmusic/best-of-trip-hop-downtemp-lo-fi-nujazz,S!X - Music,257.0,1520817.0,https://soundcloud.com/s1xmusic
285,6,Triphop,Himalayan,https://soundcloud.com/emancipator/himilayan,Emancipator,142.0,73146.0,https://soundcloud.com/emancipator
286,7,Triphop,Labyrinth,https://soundcloud.com/emancipator/labyrinth,Emancipator,121.0,58371.0,https://soundcloud.com/emancipator
287,8,Triphop,Iceland,https://soundcloud.com/emancipator/iceland,Emancipator,112.0,7104.0,https://soundcloud.com/emancipator
288,9,Triphop,Alligator,https://soundcloud.com/emancipator/alligator-1,Emancipator,79.0,43296.0,https://soundcloud.com/emancipator
289,10,Triphop,Chiefin,https://soundcloud.com/emancipator/chiefin,Emancipator,76.0,23125.0,https://soundcloud.com/emancipator
290,1,World,Private Jet ft. Ugly God (Prod. KrissiO),https://soundcloud.com/amaru-son/private-jet-ft-ugly-god-prod-krissio,Amaru Son (@amaruson),167610.0,1051731.0,https://soundcloud.com/amaru-son
291,2,World,Lil Baby - Never Needed No Help,https://soundcloud.com/th3plugradio2/lil-baby-never-needed-no-help,Th3 PLug Radio 2,111232.0,57550389.0,https://soundcloud.com/th3plugradio2
292,3,World,Satish,https://soundcloud.com/tee-grizzley/satish,Tee Grizzley,80375.0,21176387.0,https://soundcloud.com/tee-grizzley
293,4,World,Tears Falling Down Her Face,https://soundcloud.com/user-751671231/tears-falling-down-her-face,GHO$‚Ä†BOY,31258.0,1382951.0,https://soundcloud.com/user-751671231
294,5,World,ùêëùê®ùêöùêù ùêëùêÆùêßùêßùêûùê´ùê¨,https://soundcloud.com/user-822119767/juice-wrld-road-runners,‚Äãwww.repostmusic.com,28282.0,1205685.0,https://soundcloud.com/user-822119767
295,6,World,SLB 2021,https://soundcloud.com/enterthevoyd/slb-2021,voyd,28137.0,72314.0,https://soundcloud.com/enterthevoyd
296,7,World,"you look lonely, i can fix that...",https://soundcloud.com/dreamscapeyt/you-look-lonely-i-can-fix-that,dreamscape,27147.0,345563.0,https://soundcloud.com/dreamscapeyt
297,8,World,pumpkins scream in the dead of night ‚òæ‚äôÔπè‚äô‚òæ w/shinigami (prod.93feetofsmoke),https://soundcloud.com/avageaspandungique/pumpkins-scream-in-the-dead-of-night-wshinigami-prod93feetofsmoke,Savage Ga$p (@Savagegasp),25076.0,8918500.0,https://soundcloud.com/avageaspandungique
298,9,World,Abyss by Jin of BTS,https://soundcloud.com/bangtan/2020jinbirthday,BTS,22139.0,15578020.0,https://soundcloud.com/bangtan
299,10,World,7. ùîûùîµùîµùî±ùî≤ùîØùî¢ùî© ‚ö∞Ô∏è ùñáùñîùñâùñûùñïùñÜùñóùñôùñü üêçüåéüêç [@bitcheslovelucifer] #XXET #JXX,https://soundcloud.com/axxturel/166-axx-bodypartz-prod-skkkult3x-166,@bitcheslovelucifer #nWo,21243.0,559738.0,https://soundcloud.com/axxturel
300,1,Audiobooks,Peppa Pig: Peppa Goes Camping (Audiobook Extract) read by John Sparks and various,https://soundcloud.com/penguin-books/peppa-pig-peppa-goes-camping-1,Penguin Books UK,332.0,440011.0,https://soundcloud.com/penguin-books
301,2,Audiobooks,Oopsie-do!  by Tim Kubart,https://soundcloud.com/harperchildrens/oopsie-do-by-tim-kubart,Harperchildrens,193.0,2496.0,https://soundcloud.com/harperchildrens
302,3,Audiobooks,10 Minutes To Bed: Little Unicorn,https://soundcloud.com/ladybirdbooks/10-minutes-to-bed-little-unicorn,Ladybird Books,156.0,7933.0,https://soundcloud.com/ladybirdbooks
303,4,Audiobooks,I Love My White Shoes,https://soundcloud.com/harperchildrens/i-love-my-white-shoes,Harperchildrens,91.0,681804.0,https://soundcloud.com/harperchildrens
304,5,Audiobooks,The Wheels On The Bus,https://soundcloud.com/penguin-books/the-wheels-on-the-bus,Penguin Books UK,75.0,158823.0,https://soundcloud.com/penguin-books
305,6,Audiobooks,Pete the Cat and His Four Groovy Buttons,https://soundcloud.com/harperchildrens/pete-the-cat-and-his-four,Harperchildrens,57.0,277640.0,https://soundcloud.com/harperchildrens
306,7,Audiobooks,"Brian Weiss - A Meditation to Inner Peace, Love and Joy",https://soundcloud.com/hay-house-uk/brian-weiss-a-meditation-to,Hay House UK,57.0,236882.0,https://soundcloud.com/hay-house-uk
307,8,Audiobooks,Meditation One: Mindfulness Of Body And Breath,https://soundcloud.com/hachetteaudiouk/meditation-one-mindfulness-of-body-and-breath,Hachette Audio UK,54.0,423538.0,https://soundcloud.com/hachetteaudiouk
308,9,Audiobooks,"Louise Hay -  Healthy Body, Healthy Mind Meditation",https://soundcloud.com/hay-house/louise-hay-healthy-body-healthy-mind-healthy,Hay House,48.0,223622.0,https://soundcloud.com/hay-house
309,10,Audiobooks,"The Things They Carried, by Tim O'Brien and narrated by Bryan Cranston",https://soundcloud.com/audibleuk/the-things-they-carried-by-tim,AudibleUK,48.0,31929.0,https://soundcloud.com/audibleuk
310,1,Business,"Whenever, Wherever: Seamless Commerce is the Future of Retail",https://soundcloud.com/goldmansachs/whenever-wherever-seamless,Goldman Sachs,,,https://soundcloud.com/goldmansachs
311,2,Business,Top of Mind: Reflation Risk,https://soundcloud.com/goldmansachs/top-of-mind-reflation-risk,Goldman Sachs,,,https://soundcloud.com/goldmansachs
312,3,Business,Outlook for Equity Markets,https://soundcloud.com/goldmansachs/outlook-for-equity-markets,Goldman Sachs,,,https://soundcloud.com/goldmansachs
313,4,Business,A Guide to Bubbles and Why We Are Not in One,https://soundcloud.com/goldmansachs/a-guide-to-bubbles-and-why-we,Goldman Sachs,,,https://soundcloud.com/goldmansachs
314,5,Business,"Big, Bold, Strategic Moves: The 2021 M&A Outlook",https://soundcloud.com/goldmansachs/big-bold-strategic-moves-the,Goldman Sachs,,,https://soundcloud.com/goldmansachs
315,6,Business,"What the American Rescue Plan Means for the Economy, Markets, Corporations and Investors",https://soundcloud.com/goldmansachs/special-episode-what-the,Goldman Sachs,,,https://soundcloud.com/goldmansachs
316,7,Business,2021 Investment Outlook: ‚ÄúUS Resilient‚Äù,https://soundcloud.com/goldmansachs/2021-investment-outlook-us,Goldman Sachs,,,https://soundcloud.com/goldmansachs
317,8,Business,106. No Sacrifices Necessary,https://soundcloud.com/real-af-with-af/106-no-sacrifices-necessary,Real AF with Andy Frisella,,,https://soundcloud.com/real-af-with-af
318,9,Business,How Healthcare CIOs Are Investing Capital Through a Public Health Crisis,https://soundcloud.com/goldmansachs/how-healthcare-cios-are,Goldman Sachs,,,https://soundcloud.com/goldmansachs
319,10,Business,The Case for Investing in Black Women,https://soundcloud.com/goldmansachs/the-case-for-investing-in,Goldman Sachs,,,https://soundcloud.com/goldmansachs
320,1,Comedy,Elevator Buttons,https://soundcloud.com/theread/elevator-buttons,The Read,2958.0,238568.0,https://soundcloud.com/theread
321,2,Comedy,MMPC 4-12-21,https://soundcloud.com/themonday-morning-podcast/mmpc-4-12-21,theMonday Morning Podcast,1696.0,10595.0,https://soundcloud.com/themonday-morning-podcast
322,3,Comedy,Ghost to Ghost (Ft. AJ & TamBam from We Talk Back Podcast),https://soundcloud.com/thebrilliantidiots/ghost-to-ghost-ft-aj-tambam-from-we-talk-back-podcast,The Brilliant Idiots,1549.0,172738.0,https://soundcloud.com/thebrilliantidiots
323,4,Comedy,I'm With Her,https://soundcloud.com/theread/im-with-her,The Read,1030.0,287969.0,https://soundcloud.com/theread
324,5,Comedy,TAMMP 4-15-21,https://soundcloud.com/themonday-morning-podcast/tammp-4-15-21,theMonday Morning Podcast,1007.0,7819.0,https://soundcloud.com/themonday-morning-podcast
325,6,Comedy,ChainShamers,https://soundcloud.com/thebrilliantidiots/chainshamers,The Brilliant Idiots,927.0,221282.0,https://soundcloud.com/thebrilliantidiots
326,7,Comedy,#476: Devil Shoes,https://soundcloud.com/tesdpodcast/stevedave-476,Tell Em Steve-Dave,,,https://soundcloud.com/tesdpodcast
327,8,Comedy,"Left Brain, Right Brain | BO BURNHAM | what.",https://soundcloud.com/comedycentral/left-brain-right-brain-bo,Comedy Central,691.0,1325063.0,https://soundcloud.com/comedycentral
328,9,Comedy,TAMMP 4-8-21,https://soundcloud.com/themonday-morning-podcast/tammp-4-8-21,theMonday Morning Podcast,565.0,4067.0,https://soundcloud.com/themonday-morning-podcast
329,10,Comedy,From God's Perspective | BO BURNHAM | what.,https://soundcloud.com/comedycentral/from-gods-perspective-bo,Comedy Central,523.0,1115929.0,https://soundcloud.com/comedycentral
330,1,Entertainment,"Episode 431 | ""Men Vogue""",https://soundcloud.com/joebuddenpodcast/episode-431-men-vogue,The Joe Budden Podcast,30647.0,48160.0,https://soundcloud.com/joebuddenpodcast
331,2,Entertainment,"Episode 432 | ""In The Name of Love""",https://soundcloud.com/joebuddenpodcast/episode-432-in-the-name-of,The Joe Budden Podcast,17862.0,33846.0,https://soundcloud.com/joebuddenpodcast
332,3,Entertainment,"Episode 430 | ""The Hand Ambassador""",https://soundcloud.com/joebuddenpodcast/episode-430-the-hand,The Joe Budden Podcast,15757.0,58795.0,https://soundcloud.com/joebuddenpodcast
333,4,Entertainment,"""The JBP x Kevin Samuels""",https://soundcloud.com/joebuddenpodcast/the-jbp-x-kevin-samuels,The Joe Budden Podcast,13643.0,27985.0,https://soundcloud.com/joebuddenpodcast
334,5,Entertainment,JBP Patreon Bonus: ‚ÄúFathering Friends‚Äù,https://soundcloud.com/joebuddenpodcast/jbp-patreon-bonus-fathering,The Joe Budden Podcast,7357.0,31092.0,https://soundcloud.com/joebuddenpodcast
335,6,Entertainment,"Episode 429 | ""Star of The Train""",https://soundcloud.com/joebuddenpodcast/episode-429-star-of-the-train,The Joe Budden Podcast,3960.0,54213.0,https://soundcloud.com/joebuddenpodcast
336,7,Entertainment,"Drake, ""I Get Lonely Too""",https://soundcloud.com/billboard/drake-i-get-lonely-too,billboard,3740.0,7010566.0,https://soundcloud.com/billboard
337,8,Entertainment,"Episode 428 | ""Keeping Up With the Joneses""",https://soundcloud.com/joebuddenpodcast/episode-428-keeping-up-with,The Joe Budden Podcast,1475.0,57275.0,https://soundcloud.com/joebuddenpodcast
338,9,Entertainment,"Episode 427 | ""Straightened Out"" (feat. Steve Stoute)",https://soundcloud.com/joebuddenpodcast/episode-427-straightened-out,The Joe Budden Podcast,902.0,61415.0,https://soundcloud.com/joebuddenpodcast
339,10,Entertainment,"Episode 423 | ""The Sources""",https://soundcloud.com/joebuddenpodcast/episode-423-the-sources,The Joe Budden Podcast,646.0,92090.0,https://soundcloud.com/joebuddenpodcast
340,1,Learning,MOTIVATION DAYS - MOTIVATIONAL SPEECH BY RAY LEWIS (WORKOUT MOTIVATION),https://soundcloud.com/motivationdays/workout-motivation-ray-lewis,Motivation Days,486.0,2507065.0,https://soundcloud.com/motivationdays
341,2,Learning,MOTIVATION DAYS - DREAM (MOTIVATIONAL SPEECH MP3),https://soundcloud.com/motivationdays/dream-motivational-speech-mp3,Motivation Days,473.0,1293803.0,https://soundcloud.com/motivationdays
342,3,Learning,MOTIVATION DAYS - KNOW YOUR VALUE (INSPIRATIONAL SPEECH BY ERIC THOMAS ),https://soundcloud.com/motivationdays/eric-thomas-know-your-value,Motivation Days,302.0,496574.0,https://soundcloud.com/motivationdays
343,4,Learning,Best Motivational Video - Speeches Compilation 1 Hour Long,https://soundcloud.com/rousseben/best-motivational-video-speeches-compilation-1-hour-long,RousseBen Motivation,252.0,828414.0,https://soundcloud.com/rousseben
344,5,Learning,Manifest Greatness,https://soundcloud.com/lifeleveler/lost-but-won,LifeLeveler,248.0,1596494.0,https://soundcloud.com/lifeleveler
345,6,Learning,Transform FEAR into TRUST Guided Meditation,https://soundcloud.com/davidji/transform-fear-into-trust,davidji meditation,217.0,127401.0,https://soundcloud.com/davidji
346,7,Learning,"When You Want To Succeed as Bad You Want to Breathe, then You'll be Successful",https://soundcloud.com/motivationdays/best-motivational-speech,Motivation Days,188.0,995472.0,https://soundcloud.com/motivationdays
347,8,Learning,MOTIVATION DAYS - FEAR (MOTIVATIONAL SPEECH BY LES BROWN),https://soundcloud.com/motivationdays/fear-motivation,Motivation Days,178.0,366177.0,https://soundcloud.com/motivationdays
348,9,Learning,Getting Lighter: The Physiological Effects of Meditation Guided Meditation,https://soundcloud.com/davidji/getting-lighter-guided-meditation,davidji meditation,160.0,60689.0,https://soundcloud.com/davidji
349,10,Learning,Ryo Fukaura: Liszt - Hungarian Rhapsody No.2,https://soundcloud.com/uclsound/ryo-fukaura-liszt-hungarian-rhapsody,UCL,142.0,444541.0,https://soundcloud.com/uclsound
350,1,News & Politics,Houndmouth - Sedona,https://soundcloud.com/989wclz/houndmouth-sedona,98.9 WCLZ,229.0,479258.0,https://soundcloud.com/989wclz
351,2,News & Politics,"Draconian Police State Overreach Against Left Activist, Starving Yemen, Criminalizing the Poor",https://soundcloud.com/media-roots/draconian-state-overreach-starving-yemen-criminalizing-poor,Media Roots Radio,201.0,8722.0,https://soundcloud.com/media-roots
352,3,News & Politics,Rishi Kapoor : 4 Septembre 1952 ‚Äì 30 Avril 2020,https://soundcloud.com/radioplus-3/rishi-kapoor-4-septembre-1952-30-avril-2020,Radioplus,140.0,46903.0,https://soundcloud.com/radioplus-3
353,4,News & Politics,Enfants s√©questr√©s √† Mont-Roches : un des fr√®res raconte ; leurs parents restent en d√©tention,https://soundcloud.com/radioplus-3/enfants-sequestres-a-mont-roches-un-des-freres-raconte-leurs-parents-restent-en-detention,Radioplus,113.0,23025.0,https://soundcloud.com/radioplus-3
354,5,News & Politics,Meetha Meetha Hai Meray Muhammad (P.B.U.H.) Ka Naam Naat By Abdul Rauf Rufi,https://soundcloud.com/shehbazsharif/meetha-meetha-hai-meray-muhammad-pbuh-ka-naam-naat-by-abdul-rauf-rufi,Mian Shehbaz Sharif,91.0,136695.0,https://soundcloud.com/shehbazsharif
355,6,News & Politics,"""La gorra no se me cae""",https://soundcloud.com/globovision/la-gorra-no-se-me-cae,Globovisi√≥n,86.0,73530.0,https://soundcloud.com/globovision
356,7,News & Politics,Roberto Torres- Caballo Viejo,https://soundcloud.com/pepebillete/roberto-torres-caballo-viejo,Pepe Billete Uncensored,,,https://soundcloud.com/pepebillete
357,8,News & Politics,"Rockabye Baby transforms rock and hip-hop hits into lullabies for babies ‚Äî Sep 12, 2013",https://soundcloud.com/taketwoshow/rockabye-baby-transforms-rock,Take Two Show,80.0,98266.0,https://soundcloud.com/taketwoshow
358,9,News & Politics,ÿπÿ®ÿØ ÿßŸÑŸÅÿ™ÿßÿ≠ ÿπŸàŸäŸÜÿßÿ™ - ÿ®ÿ¥ÿ±Ÿâ ÿßŸÑŸÜÿµÿ±,https://soundcloud.com/qudsn/iwinat-gaza,ÿ¥ÿ®ŸÉÿ© ŸÇÿØÿ≥ ÿßŸÑÿßÿÆÿ®ÿßÿ±Ÿäÿ©|QudsN,73.0,203550.0,https://soundcloud.com/qudsn
359,10,News & Politics,Childish Gambino - No Small Talk Ft. Kari Faux (prod. Black Party And Kari Faux),https://soundcloud.com/arkansastimes/childish-gambino-no-small-talk-ft-kari-faux-prod-black-party-and-kari-faux,Arkansas Times,70.0,168081.0,https://soundcloud.com/arkansastimes
360,1,Religion & Spirituality,04 12 2021  Knowledge Drop  Files Content Information,https://soundcloud.com/ouncil1archive/04-12-2021-knowledge-drop-files-content-information,council1arch,,,https://soundcloud.com/ouncil1archive
361,2,Religion & Spirituality,04 10 2021  - Afternoon Update - Weather - The Father's Principles - Q&A,https://soundcloud.com/ouncil1archive/04-10-2021-afternoon-update-weather-the-fathers-principles-qa,council1arch,,,https://soundcloud.com/ouncil1archive
362,3,Religion & Spirituality,04 14 2021  Evening Chat - Change The Cycle - Serve Others - Not Self,https://soundcloud.com/ouncil1archive/04-14-2021-evening-chat-change-the-cycle-serve-others-not-self,council1arch,,,https://soundcloud.com/ouncil1archive
363,4,Religion & Spirituality,"Ramadan 1, 1442",https://soundcloud.com/ramadanprayerline/ramadan-1-1442,RamadanPrayerline,991.0,5205.0,https://soundcloud.com/ramadanprayerline
364,5,Religion & Spirituality,04 15 2021 - Pastor Paul Interview With Michael - Ukraine/Russia - Global Changes - Solar System,https://soundcloud.com/ouncil1archive/04-15-2021-pastor-paul-interview-with-michael-ukraine-russia-global-changes-solar-system,council1arch,,,https://soundcloud.com/ouncil1archive
365,6,Religion & Spirituality,04 16 2021  Evening Chat - Dream - Q And A,https://soundcloud.com/ouncil1archive/04-16-2021-evening-chat-dream-q-and-a,council1arch,,,https://soundcloud.com/ouncil1archive
366,7,Religion & Spirituality,04 15 2021 ROF ~ BEAST DNA with Angela,https://soundcloud.com/ouncil1archive/04-15-2021-rof-beast-dna-with,council1arch,,,https://soundcloud.com/ouncil1archive
367,8,Religion & Spirituality,ASMR 10 Hours No Talking (Part 1),https://soundcloud.com/massageasmr/asmr-10-hours-no-talking-part-1,Massage ASMR,560.0,1049953.0,https://soundcloud.com/massageasmr
368,9,Religion & Spirituality,ÿ≥ÿ®ÿ≠ÿßŸÜ ÿßŸÑŸÑŸá ŸàÿßŸÑÿ≠ŸÖÿØ ŸÑŸÑŸá ŸàŸÑÿß ÿ•ŸÑŸá ÿ•ŸÑÿß ÿßŸÑŸÑŸá ŸàÿßŸÑŸÑŸá ÿ£ŸÉÿ®ÿ± | ÿ™ÿ≥ÿ®Ÿäÿ≠ 100 ŸÖÿ±ÿ©,https://soundcloud.com/alnodbah/100a,ŸÇŸÜÿßÿ© ÿßŸÑŸÜÿØÿ®ÿ© ŸÑŸÑÿµŸàÿ™Ÿäÿßÿ™,525.0,706073.0,https://soundcloud.com/alnodbah
369,10,Religion & Spirituality,"04 14 2021 ROF ~ One Body, Many Parts with Angela",https://soundcloud.com/ouncil1archive/04-14-2021-rof-one-body-many,council1arch,,,https://soundcloud.com/ouncil1archive
370,1,Science,"Windy Winter Solstice - Lakefield National Park, Cape York",https://soundcloud.com/nature-sounds/windy-winter-solstice,Nature Sounds,290.0,561616.0,https://soundcloud.com/nature-sounds
371,2,Science,After the Storm,https://soundcloud.com/musicofnature/after-the-storm-1,Lang Elliott ‚Äì Music of Nature,169.0,7496.0,https://soundcloud.com/musicofnature
372,3,Science,"Rainforest sounds near Mission Beach, Queensland",https://soundcloud.com/listeningearth/rainforest-sounds-near-mission,Listening Earth,107.0,198062.0,https://soundcloud.com/listeningearth
373,4,Science,"Hacking the Head & the Heart with Leah Lagos, PhD.",https://soundcloud.com/startalk/hacking-the-head-the-heart,StarTalk Radio,,,https://soundcloud.com/startalk
374,5,Science,Blazar Flare Sonification,https://soundcloud.com/nasa/blazar-flare,NASA,65.0,2672.0,https://soundcloud.com/nasa
375,6,Science,The Life and Death of Stars with Jackie Faherty,https://soundcloud.com/startalk/the-life-and-death-of-stars,StarTalk Radio,,,https://soundcloud.com/startalk
376,7,Science,Chandra Deep Field Sonification,https://soundcloud.com/nasa/chandra-deep-field-sonification,NASA,54.0,1511.0,https://soundcloud.com/nasa
377,8,Science,Sounds of Perseverance Mars Rover Driving ‚Äì Sol 16 (16 minutes),https://soundcloud.com/nasa/sounds-of-perseverance-mars-rover-driving-sol-16-16-minutes,NASA,50.0,778191.0,https://soundcloud.com/nasa
378,9,Science,The Joe Rogan Experience,https://soundcloud.com/startalk/the-joe-rogan-experience,StarTalk Radio,,,https://soundcloud.com/startalk
379,10,Science,The Future of Humanity with Elon Musk,https://soundcloud.com/startalk/the-future-of-humanity-with-elon-musk,StarTalk Radio,42.0,1005401.0,https://soundcloud.com/startalk
380,1,Sports,Updated** Nolecast Reviews FSU's 2021 Spring Game,https://soundcloud.com/nolecast/updated-nolecast-reviews-fsus-2021-spring-game,The Nolecast,,,https://soundcloud.com/nolecast
381,2,Sports,U40: The recruiting travels of Josh and how tall is Lincoln Riley?,https://soundcloud.com/soonerscoop/u40-the-recruiting-travels-of-josh-and-how-tall-is-lincoln-riley,Oklahoma Sooners Unofficial 40,184.0,9013.0,https://soundcloud.com/soonerscoop
382,3,Sports,All Day and All of the Night - The Kinks,https://soundcloud.com/adidasfootball/all-day-and-all-of-the-night,adidasfootball,118.0,939924.0,https://soundcloud.com/adidasfootball
383,4,Sports,Men in Blazers 04/13/21,https://soundcloud.com/meninblazers/men-in-blazers-041321,Men In Blazers,,,https://soundcloud.com/meninblazers
384,5,Sports,Apashe: Battle Royale (Haters Instrumental VIP),https://soundcloud.com/adidasfootball/apashe-battle-royale-haters,adidasfootball,71.0,836223.0,https://soundcloud.com/adidasfootball
385,6,Sports,Programa 13-4-2021,https://soundcloud.com/grandesenlosdeportes/programa-13-4-2021,Grandes en los Deportes,71.0,668.0,https://soundcloud.com/grandesenlosdeportes
386,7,Sports,Programa 14-4-2021,https://soundcloud.com/grandesenlosdeportes/programa-14-4-2021,Grandes en los Deportes,66.0,439.0,https://soundcloud.com/grandesenlosdeportes
387,8,Sports,Programa 12-4-2021,https://soundcloud.com/grandesenlosdeportes/programa-12-4-2021,Grandes en los Deportes,63.0,472.0,https://soundcloud.com/grandesenlosdeportes
388,9,Sports,Steve Kerr - postgame (4/14/21),https://soundcloud.com/warriors/steve-kerr-postgame-41421,Warriors,62.0,125.0,https://soundcloud.com/warriors
389,10,Sports,When does the preseason matter for the Galaxy? And Lletget under investigation,https://soundcloud.com/cornerofthegalaxy/when-does-the-preseason-matter-for-the-galaxy-and-lletget-under-investigation,Corner Of The Galaxy,58.0,1918.0,https://soundcloud.com/cornerofthegalaxy
390,1,Storytelling,"Sex and sounds (n¬∞6) : ASMR, le plaisir basse fr√©quence",https://soundcloud.com/arte-radio-1/asmr-le-plaisir-basse-frequence,ARTE Radio,97.0,242316.0,https://soundcloud.com/arte-radio-1
391,2,Storytelling,Bloodlines,https://soundcloud.com/snapjudgment/bloodlines-1,Snap Judgment,27.0,1326.0,https://soundcloud.com/snapjudgment
392,3,Storytelling,Sabrina Benaim - Explaining My Depression to My Mother,https://soundcloud.com/buttonpoetry/sabrina-benaim-explaining-my-depression-to-my-mother,Button Poetry,21.0,71577.0,https://soundcloud.com/buttonpoetry
393,4,Storytelling,Neil Hilborn - OCD,https://soundcloud.com/buttonpoetry/neil-hilborn-ocd,Button Poetry,17.0,121837.0,https://soundcloud.com/buttonpoetry
394,5,Storytelling,Star Cross,https://soundcloud.com/bileebob/star-cross,bileebob,16.0,434.0,https://soundcloud.com/bileebob
395,6,Storytelling,"Nobel Holt From The Basement April 9, 2021",https://soundcloud.com/radioboise/nobel-holt-from-the-basement-april-9-2021,Radio Boise,12.0,77.0,https://soundcloud.com/radioboise
396,7,Storytelling,"Listen to the entire Snap Judgment episode ""Spooked VII: Pitch Black",https://soundcloud.com/snapjudgment/listen-to-the-entire-snap-judgment-episode-spooked-vii-pitch-black,Snap Judgment,12.0,64293.0,https://soundcloud.com/snapjudgment
397,8,Storytelling,Betrayed (Part 1),https://soundcloud.com/latheatreworks/betrayed-part-1,latheatreworks,,,https://soundcloud.com/latheatreworks
398,9,Storytelling,Why We Do Things / Tony Robbins,https://soundcloud.com/mappingtheterritory/why-we-do-what-we-do-tony-robbins,MAPPINGTHETERRITORY,11.0,23594.0,https://soundcloud.com/mappingtheterritory
399,10,Storytelling,63 ‚Äì Coal Miner,https://soundcloud.com/worldaccordingtosound/63-coal-miner,World According to Sound,,,https://soundcloud.com/worldaccordingtosound
400,1,Technology,Podquisition 329: The Legend of F*ck*ss Jones,https://soundcloud.com/jimquisition/podquisition-329-the-legend-of-fckss-jones,Jimquisition,276.0,16168.0,https://soundcloud.com/jimquisition
401,2,Technology,Bloodborne: Cleric Beast,https://soundcloud.com/playstation/bloodborne-cleric-beast,PlayStation,276.0,701581.0,https://soundcloud.com/playstation
402,3,Technology,Podquisition 328: Scratch ‚Äòn Self-Improvement,https://soundcloud.com/jimquisition/podquisition-328-scratch-n-self-improvement,Jimquisition,144.0,21498.0,https://soundcloud.com/jimquisition
403,4,Technology,Demon's Souls (Original Soundtrack) - Flamelurker,https://soundcloud.com/playstation/demons-souls-original-soundtrack-flamelurker,PlayStation,99.0,58006.0,https://soundcloud.com/playstation
404,5,Technology,Podquisition 327: On the Bleeding Edge,https://soundcloud.com/jimquisition/podquisition-327-on-the-bleeding-edge,Jimquisition,52.0,20354.0,https://soundcloud.com/jimquisition
405,6,Technology,Transistor - We All Become,https://soundcloud.com/playstation/transistor-we-all-become,PlayStation,37.0,300848.0,https://soundcloud.com/playstation
406,7,Technology,Ashley Johnson and Troy Baker - Wayfaring Stranger Live,https://soundcloud.com/playstation/ashley-johnson-and-troy-baker-wayfaring-stranger-live,PlayStation,36.0,213786.0,https://soundcloud.com/playstation
407,8,Technology,Detroit: Become Human ‚Äî Connor Main Theme By Nima Fakhrara,https://soundcloud.com/playstation/detroit-become-human-connor,PlayStation,33.0,250032.0,https://soundcloud.com/playstation
408,9,Technology,Podquisition 326: Much Mince,https://soundcloud.com/jimquisition/podquisition-326-much-mince,Jimquisition,27.0,23203.0,https://soundcloud.com/jimquisition
409,10,Technology,Episode 113 - Will Outriders Save 2021?!,https://soundcloud.com/gamingilluminaughty/episode-113-will-outriders-save-2021,Gaming Illuminaughty,22.0,180.0,https://soundcloud.com/gamingilluminaughty
